house_size,num_rooms,distance_city_center,crime_rate,age_of_house,lot_size,region,price
148.5349551,7,20.85864663,,12.3405406,155.9442208,West,-17139.40389
141.1914044,3,8.184570162,4.982501206,21.14087415,234.8796526,East,-2934.233121
113.8430348,7,14.34781098,2.680021121,26.20797439,174.3054936,South,17219.46882
118.7598816,3,19.70104344,2.403681977,31.92672233,234.7571214,South,-29616.35307
109.8648801,2,10.34733969,3.251143182,30.44971299,108.0202254,East,-22828.66346
138.6375483,6,28.51440483,3.058953565,20.00773709,216.7488045,North,-38508.08381
98.38955888,7,29.41050641,4.171485952,30.20521974,179.3946664,West,-108919.3153
114.2668137,2,4.470533463,3.042069942,13.29000386,257.4851891,South,15988.86248
49.34490344,5,10.97077665,,1.791339855,197.8009635,North,20547.45942
171.6926968,5,7.031190024,3.434032209,13.28868928,262.4614767,North,53931.55383
113.3857625,3,6.416898271,3.212369013,11.93739486,225.3806383,East,6986.908956
133.6674131,5,15.23841531,4.214062272,13.68012928,193.624577,North,-10005.61831
163.7336008,6,17.35098614,6.985677757,10.40625271,239.3834655,West,-53769.14081
129.0088031,5,13.34390918,5.429752347,15.38890422,239.7029232,West,-11710.82405
163.3303111,5,8.90409132,4.80062094,26.20017214,223.5955002,,61229.37886
82.74786564,7,9.080025653,2.13391046,37.15257103,85.38493127,North,26244.61082
191.9212977,3,29.77171653,2.71458308,2.746535257,150.8719755,West,-76249.80986
152.613306,5,27.78664385,2.44318012,7.122653731,269.2052923,North,-95557.95158
126.2760748,3,3.201066389,7.613702447,12.08553741,137.2027072,South,1890.627664
162.75238,7,20.03996891,6.061126246,27.65741877,244.1230575,West,25261.36289
84.94095342,3,14.24945062,3.276758982,17.95052557,235.3226328,North,-13092.06326
111.3415536,,20.97560882,3.871256712,12.75890777,163.7123819,East,-37391.22885
163.3275119,5,18.31186046,3.349419648,27.16733008,100.2384186,South,-17104.32504
63.98819457,3,26.7883196,3.228277567,29.56390266,171.5543701,South,-97354.81343
136.8137332,6,2.942661114,,19.81240041,303.9007522,West,47212.37706
135.9652848,3,11.13833945,4.424927558,11.83780773,156.8361354,East,-35888.73387
179.0767745,3,29.57932965,9.162335489,22.70279567,160.2871328,South,-89902.47948
72.51133741,4,6.286275121,7.500719649,17.66731792,150.1208795,West,23539.53574
168.2889317,6,4.692669746,7.618960681,17.58986756,,East,80626.06075
103.2158777,4,22.14018817,6.34271395,14.87599781,187.8542144,North,-37516.34888
106.5897162,5,23.54561964,4.154681859,29.24983247,168.7046886,South,-80644.24941
83.33986839,5,20.49593288,6.195581769,119.3797536,270.6737009,North,-42669.24229
87.36443888,3,23.50967903,4.302334611,30.35700882,228.9747044,East,-80926.21237
132.1056704,3,21.11792559,,33.36326145,154.0354879,West,-60588.02605
86.63004256,3,4.937349786,5.808558766,24.58980769,138.8208044,North,10809.1937
142.20853,3,18.63843503,5.524720717,14.93522885,257.9084982,West,-47259.24995
,7,23.52942379,5.254145325,30.40326232,200.8394082,West,-94156.88678
83.60898582,4,26.09998158,8.480532855,24.65664702,122.546799,West,-63827.93327
104.1657256,4,8.140822038,2.132499332,46.03367777,110.8442157,East,23895.36502
130.1012158,6,4.695492067,8.676575655,23.10102888,144.1980642,South,24182.14768
,6,23.65162286,4.627692385,26.97688039,138.0257706,North,-29666.36992
121.0263035,6,8.439902006,2.187702048,22.90423891,97.69615145,West,36401.42532
140.8862239,5,1.925954871,3.495580537,19.00901408,145.0246507,South,63753.73188
152.4726435,7,24.93119335,1.698385475,,154.0459719,South,-30853.5616
110.6971407,7,15.67374288,6.307313491,22.94243845,176.8659356,East,18729.65447
88.67333953,3,10.47236084,2.923414099,25.21175752,683.2812953,East,
122.2828344,2,1.331444052,5.337335332,31.543879,186.6578364,West,11480.80554
134.1194876,4,2.024495897,7.26843406,23.08850558,191.6212581,West,73976.93628
,7,23.98607485,3.655966143,15.37110825,225.4627682,West,-40589.75858
93.28175109,7,15.20147066,4.463792614,16.73146003,188.1340964,North,7129.835165
98.42439312,6,5.34193943,2.39326678,6.770630571,220.0076482,North,70966.25882
113.7653343,6,11.39666319,4.223285782,36.61213844,214.0307438,,8453.61257
97.16898289,3,5.793849279,10.14804725,14.58826386,206.1294283,East,-1983.103396
141.2112218,5,4.273565042,25.1953003,29.6744046,338.3233042,East,58739.87974
71.84600396,3,9.0129268,4.470539162,22.76550857,245.5562922,West,-37341.45232
72.60843908,5,16.93574788,3.776623928,23.03731831,145.9139008,West,-20343.11044
109.9833357,3,7.090191627,4.914733209,18.82552125,218.5111093,,-727.7350682
,2,10.96646136,5.260101504,12.12201111,160.4131597,North,4072.490913
76.36068381,7,14.85999563,4.161860586,10.314646,222.3125382,East,19599.46821
101.7975347,7,13.18086244,6.060118392,37.28465389,131.2406291,West,23611.22907
107.9686855,6,4.730206175,3.09310502,21.13961079,144.6110276,West,26475.49166
108.2010616,5,2.127103431,3.08322465,31.25267746,,South,57774.29938
124.5564445,3,2.028303082,5.740390914,33.84906938,249.8834557,West,15929.25794
100.1526335,5,11.15519152,2.662716493,15.8915307,,South,15479.07968
164.335089,6,21.84526028,6.458034506,24.23505766,242.7058667,North,-63509.03704
134.6461392,5,4.806403663,4.971438775,20.45010775,218.6909279,South,21949.66083
95.78659438,3,23.82242337,1.344181563,8.42786197,208.624805,South,-40552.15229
122.8353448,4,21.75455497,5.218998251,18.14520024,174.8153363,West,-38258.51377
123.7204596,7,1.114361236,1.629706751,25.8750659,240.6500904,North,86514.88824
156.4416442,3,1.775688316,6.386724019,15.00970745,251.2439616,North,34606.28363
101.9885271,7,6.655963251,4.502571341,16.75156805,196.8442154,East,33669.89567
143.0201609,6,2.62750642,8.702168433,18.26633145,194.1536979,East,73102.33552
121.2556343,7,16.40895005,7.142625689,41.11529331,279.5702906,East,-4489.875633
164.7469955,5,2.149190582,2.878614988,1.659510629,198.978911,North,113919.9151
158.7267436,3,24.2767293,0.9585202723,25.01643299,203.7842935,South,-53973.65639
125.9093791,2,15.2959,3.489797486,17.46660923,224.2112954,West,-27556.77064
112.1315214,5,22.11067663,2.557482794,13.59345091,195.1096872,North,-62127.43252
135.1981773,4,22.77037398,8.651476174,17.22124293,158.9829839,West,-60935.63617
114.5864992,2,15.69615425,4.979370681,26.67376244,218.8982788,North,-35420.69069
170.4092132,7,27.83552341,,27.24523594,198.0622495,North,-44297.16523
122.3541023,7,29.71698244,4.429938175,21.86017122,,West,-64238.9378
107.830721,4,11.41722589,4.640665023,30.92741316,239.4224275,South,
106.2115474,6,4.650060067,4.934745955,32.68832995,170.2258857,East,82842.92339
83.60893244,4,11.53390718,7.213078637,28.16375942,236.453011,South,-9273.471901
136.6967738,4,7.477263013,5.623249511,14.53807549,215.3932917,East,52783.11522
95.39966392,5,16.39916434,2.885332313,24.94441549,265.4713151,South,-1172.480092
152.9444476,4,11.97324044,8.245028276,24.99200659,173.7772894,South,26563.29629
81.21194838,6,98.7174861,4.414369002,11.84368566,209.4338074,West,-13274.58655
123.8172435,3,23.13243971,4.088959752,4.305611059,195.0453175,East,-61304.52647
154.5067128,6,8.946608262,0,0,202.9239712,East,57969.34904
55.43258806,7,16.58676701,6.268799182,20.6985549,155.7400525,West,-1744.343163
180.5479663,7,10.71967623,5.202025279,22.98039715,228.7955834,South,71871.72636
107.2414441,2,23.76386506,5.199851313,8.182184223,220.8982138,West,-75740.11129
124.2328615,2,19.54656234,4.194350658,30.46032333,264.2611808,East,-36881.06533
137.1434768,5,1.246637185,3.84956432,21.52218149,199.4987074,West,62038.66004
141.7838717,7,20.14148889,4.260839146,33.49452615,179.4080246,South,14673.50063
128.2165181,7,5.934698234,5.926321742,23.7053587,239.4647189,East,82992.86733
149.9215375,7,22.00973992,6.278235546,9.336664281,160.2897809,North,4374.464206
135.5721214,2,17.45282134,4.537936823,24.58281213,254.2492268,North,-37393.01223
172.8264342,5,12.64299765,6.897874989,26.70110695,254.1420999,North,34271.72147
135.6698263,6,21.12792645,4.842051638,14.52376414,262.8639451,East,-34881.90187
178.9390656,5,25.84120529,3.991547164,5.579070027,218.8311492,South,-30218.30752
147.0323652,6,23.5835677,5.39683115,21.00296064,175.6751809,South,-22440.82348
65.82749623,3,16.81599902,2.281227163,9.991553647,205.4593863,East,-67071.90578
198.3330804,4,21.95813529,5.465436618,31.20887663,219.0034448,South,-17533.70895
102.7696767,4,13.00352208,1.915635789,15.9282332,171.9929177,North,-25836.01426
164.8663205,7,23.88175753,2.94454608,37.24601106,266.6558144,East,-21312.24019
120.8038033,3,25.04250486,0.9626171866,0,229.0042084,East,-59643.39007
151.8327077,3,4.981521269,4.649766095,21.34795604,,,22769.13259
99.34563267,2,7.902909428,8.219267405,34.2939264,,,-10768.80929
138.7723363,2,8.829673383,4.765846678,11.09695684,204.8694638,North,7473.127985
,7,,6.287170759,18.40799064,145.2948479,East,42270.4531
167.3700933,7,12.3835152,9.704627795,15.96964286,158.4872939,North,47366.73161
133.160045,3,6.597963132,5.808111696,13.16232358,274.3891799,North,7975.158032
412.4821141,6,18.27064002,3.469575911,22.44622641,291.2492458,South,47983.87257
55.07769386,5,3.946847844,3.744862795,7.04578399,250.4742527,South,
117.4328196,7,8.827655438,5.001316416,18.89031219,265.9654324,West,24416.92139
132.3165491,3,20.30009873,3.734210709,25.15994238,260.8307729,North,-63471.11262
126.7084472,7,12.55780857,3.883826,17.84906289,227.8458076,West,57293.32763
148.8347164,4,13.22241951,6.970507819,9.997958,216.4520894,South,-5152.418698
109.0228726,6,24.13983234,7.052312562,30.30185399,226.9931597,South,-74978.58564
121.4636132,4,29.55083505,1.706215036,27.30256962,236.8007722,North,-62640.17879
155.4368029,6,17.38696571,3.363660964,9.588128287,162.9200997,South,3065.627166
51.6393299,4,3.292947972,4.071991226,7.05892435,236.5979365,South,43012.87788
137.680515,7,3.984186252,6.198177892,10.48075584,272.9308424,East,96147.8985
109.9834552,5,29.08652094,7.286151177,,189.6813786,West,-76231.78328
92.63045626,3,,10.40393587,22.75572899,184.3376107,East,-22772.11987
130.0963267,7,22.82160443,,27.90082712,223.8273155,North,-52843.79161
156.8235389,6,20.59714897,4.168542571,16.73849782,167.5171225,South,-23647.43516
151.1743149,4,6.208910449,6.177140031,10.75265762,134.1590692,East,34952.2487
115.9466091,2,14.00250266,3.635566562,29.18846488,257.385952,East,17400.88578
146.2722289,7,24.14433269,,14.46551487,177.452437,,17145.70397
146.042037,6,26.12452593,4.169923782,,200.9224289,East,-13347.30001
117.3788619,6,7.882729928,0,4.500751609,169.4937479,East,39356.36729
99.20758344,6,18.28289193,5.24646646,14.30189576,263.8377407,West,-28028.11602
100.9429791,5,5.555955179,4.635278081,30.09396321,242.6588079,East,21127.88593
145.1356005,3,28.79002932,7.542462101,119.3797536,187.9630229,East,-103354.4532
118.7355956,3,8.313924381,5.010980815,28.14503821,141.0051318,South,38536.18991
88.61453341,2,22.07241873,2.490505043,0,182.6535098,South,-73268.77916
69.45411493,2,7.702275383,4.483802254,14.4060834,228.507635,East,-11296.91164
144.9549436,6,18.86556434,0.8178343137,18.28645354,209.4317852,West,19772.30132
103.5966473,7,20.1186649,2.57816433,37.42540303,205.4549022,West,-45015.38926
129.9116327,2,10.524415,6.271011936,8.3093712,210.584938,East,-6378.397011
157.1912072,5,24.7461821,25.1953003,26.70993295,,West,-62387.7281
80.73226569,2,26.67575605,6.845016479,30.56931781,197.9070398,North,-114455.4814
118.6458786,4,25.79702798,1.066215498,12.78510353,222.5006725,South,-69364.24055
,6,10.59314836,,,150.6540396,North,16756.59751
131.3922863,6,22.58586751,4.048975003,21.41628774,327.6925388,East,-20725.83802
157.1748,7,17.22523189,6.911697165,5.185150328,185.807034,West,20961.73825
80.11644556,3,18.18622141,6.345525536,15.44896788,210.1796504,North,-56653.07052
137.0939385,7,14.84532747,6.2845043,32.76112041,228.3232762,North,25650.64491
150.9457132,6,18.40757329,8.082820076,25.22654811,179.4604744,South,-24978.47212
114.4086881,4,4.933970583,4.263825781,18.43248711,200.3912397,West,
115.8765902,3,12.85656976,7.670161671,21.13072362,199.7837637,North,-22810.75272
132.5534811,2,6.152481098,2.911587698,25.80905366,154.2980954,West,8653.977653
130.3445123,7,9.123060398,2.8382445,27.72410148,221.9294713,North,36815.42512
137.4705782,3,4.706621542,6.505493143,14.43585853,117.5389081,South,27217.03637
136.8384158,3,7.162372551,1.990518523,35.34720943,287.6354221,East,62177.23903
90.54083083,4,23.67594842,6.145531257,33.16348201,239.6485442,East,-70928.23007
149.7079949,2,16.9452574,5.202626387,26.7725763,231.9561179,West,-57997.81506
155.0034949,6,1.685650437,7.143705457,11.57040134,113.1678944,North,100074.0222
125.5824868,6,23.86721003,4.88111207,9.797760932,160.3735663,North,-42500.90202
75.1753408,2,27.37458348,25.1953003,16.73396203,269.467256,South,-101677.1888
116.5576288,2,26.532449,6.018529986,20.60765098,407.5620699,East,-105151.6334
125.8321763,2,24.8674896,3.6747009,2.315081344,259.7346233,South,-48265.27762
85.66199287,7,29.77427684,3.587587385,24.94693134,251.8471705,East,-76648.84818
109.1958581,4,18.00565671,5.94885888,32.87462264,226.2487114,South,-7332.511418
77.71891837,5,28.91504123,4.941424382,25.7647414,157.6251402,West,-106965.2891
138.2187667,2,28.51648274,4.185372165,13.23947197,,North,
124.9786594,3,10.08392318,4.834431801,12.05596603,144.9396331,East,33283.72009
70.62650506,,26.03957893,8.189119016,22.99852344,139.4707417,East,-76345.45985
130.5439458,3,23.9817073,4.113963187,18.46696285,136.3235337,North,-16964.70579
118.3047316,5,23.49816454,4.055960773,24.43041174,248.7861323,East,-49882.64387
135.4924285,7,26.99214237,1.585111551,26.01721373,197.1292973,North,-27151.53349
108.254027,3,12.14151029,4.915294124,30.91890529,205.042905,East,24267.3586
95.95561798,,12.60159401,6.313767022,8.678765711,199.2298031,East,-28464.57658
96.87466121,21.52859774,19.56151697,6.672396231,22.21618948,143.7141729,North,-49000.78915
103.8548935,7,22.3963316,5.216435203,16.36524996,166.4634547,North,-40108.34697
120.5647529,2,26.51237598,6.911667146,19.01364956,168.9786897,South,-77413.10705
124.438754,2,26.3995143,6.462460804,28.64408853,129.7364276,West,-125257.2354
114.2784037,21.52859774,21.91884911,7.225900459,29.73125873,174.7894952,North,-13418.21698
107.3004135,7,28.74989056,6.968605311,33.9844365,145.9346772,West,-51467.4234
109.457902,3,6.180229949,8.139956392,24.2559025,228.8837814,East,51550.69978
195.2317436,5,28.55985557,4.660613667,18.89983209,233.0485532,West,-25955.15291
96.87824546,5,2.861552979,2.345883915,17.47121531,135.3180439,West,64121.33869
103.2608397,6,17.11303455,6.327437487,2.652449976,185.1684118,South,19780.70971
218.8156233,6,3.615711753,6.561106379,,292.8029941,East,99128.13017
132.6303991,4,17.47202828,8.139990787,16.78101586,150.9618551,East,-36106.68381
78.60058002,7,12.31318166,7.562580712,25.0589706,221.3318909,North,-10572.1416
145.2806161,2,3.366673514,8.890944912,26.78996526,205.2760967,East,12634.17451
92.69883332,2,19.79538735,6.239707961,7.546844909,254.6443779,South,
147.2718452,7,22.20474199,5.457621184,10.76653608,214.7733421,North,-5980.791167
113.6711316,3,6.051376995,2.230033757,35.47019907,178.4352261,West,-20056.69433
106.8061245,7,21.13866486,5.616193069,,203.3382061,South,-23449.2744
168.2749491,3,6.192378925,3.894993286,14.19414336,204.0684972,West,39871.54723
136.9920406,4,4.98449703,5.423020027,18.73652989,195.4152409,North,52923.36037
149.1896831,2,5.273534729,5.109026373,30.86236905,134.0444272,East,54802.81124
133.0475904,7,18.3732756,5.943467178,29.3431448,262.1544304,South,4529.715372
106.6666643,4,23.58493344,4.805338581,5.339182378,253.3216794,West,-74287.7957
138.3406326,3,18.30991734,6.870040381,36.34283844,147.7905487,West,-77122.05196
156.2764618,4,24.47119214,0,29.66148031,184.9637184,,-27295.17162
124.0421413,2,18.15284289,5.37998715,,188.7457165,West,
174.0492781,6,24.12231617,7.404979558,8.082775569,142.17406,West,-7202.223994
145.5146161,2,29.31915253,8.740097017,30.5400864,106.6601866,South,-78367.86573
126.3594765,4,,6.463922677,24.764275,166.4703674,West,-32210.58415
127.5445959,4,5.348323131,8.369766045,5.422016219,182.179883,East,45140.03873
124.1171139,2,4.926507539,5.337871992,17.67921925,127.9383333,South,44499.3335
82.46283643,2,18.3268503,5.005725152,51.26172943,,North,-46360.71249
117.2978341,5,16.86598891,6.058831286,20.16501757,,East,-56702.56351
126.6355946,4,6.342825978,4.993611434,12.58029406,242.1058073,South,17184.43752
107.5174464,2,26.58104392,3.435285064,9.915033747,193.6657173,East,-114719.8412
130.1303106,2,28.74570269,3.969519512,37.72098983,107.9794152,North,-89487.24331
120.6392247,6,8.34325365,2.775694188,28.4775949,235.785117,East,51966.69451
143.2107567,6,6.999604996,6.05675419,34.07439114,207.3196085,East,-4506.38291
,,7.203733717,5.022783625,22.48185284,221.2175555,East,35833.20771
125.0145986,7,12.23522436,4.279427766,,296.80514,East,47869.37067
78.98361326,2,25.74358808,3.866632486,11.5167961,158.7594185,West,-91782.44197
173.7216822,21.52859774,18.28285769,,21.62590981,56.25920334,West,7394.665657
115.74327,6,2.95904952,6.560896361,22.87053515,147.3272711,South,55226.61447
117.5734064,3,14.71639347,2.738972007,33.82446932,224.3022534,West,-41282.99763
109.7243745,5,3.619618808,2.42463066,23.1884304,201.3462951,West,55393.84703
105.3476503,6,12.78020931,6.909019911,13.74488258,139.2181935,North,12456.53764
166.3217414,5,12.70208413,2.249733523,20.64073839,129.0141308,South,40321.60574
161.5813296,3,19.80222731,6.094973668,3.235867975,182.2695492,East,-19079.32099
133.3318021,5,16.93416504,8.233818398,0,137.6952665,East,
116.7749954,6,26.36788869,8.238469607,28.3134137,226.0316709,North,-36596.33615
138.5735396,2,1.471980297,6.475745181,16.25256114,179.4286556,South,30870.52174
122.2139095,5,23.44596584,6.417619031,17.38582701,168.6441058,South,-75421.26302
114.2933125,5,1.657091888,9.5038149,28.30946679,162.0861799,East,61198.25689
130.1431776,4,9.824405026,0.3312086742,33.97010385,213.1561363,East,25418.39341
106.7652676,2,26.51023101,4.071328648,25.34487955,202.1304612,North,-83390.31673
127.5679279,2,21.02201098,6.696983698,39.2807283,210.0978635,North,-92958.62081
126.1266278,6,5.987903673,4.325425984,25.02689134,209.0064722,South,90476.17445
138.0880806,6,15.23275178,7.479556617,23.02213464,196.3902232,North,20301.95385
101.4258913,4,21.93522125,4.921291879,22.40388823,148.3434708,West,-59034.95114
141.3040906,7,28.18295632,5.263487721,7.145044379,163.4809937,South,-58861.63967
92.81065521,7,19.39531478,4.450650672,29.55998606,180.2662547,East,7956.924841
102.8230005,5,1.715586932,3.954978082,0,303.2597619,North,42930.1332
104.1322482,5,15.49135393,3.905780074,14.13747143,132.558184,South,38636.26324
87.83844683,7,5.435887536,5.542332594,20.22930351,179.0511748,West,42135.57403
150.4698685,5,2.385606964,3.450870068,12.10237677,204.913353,East,108710.6412
90.92842571,7,18.35680841,6.906409767,15.48244077,184.8333623,South,-14734.63098
99.03250988,7,23.53073517,6.306451849,38.39375566,253.6984771,East,-6113.246601
157.6622313,3,2.045756109,7.198832882,31.04023886,184.5751035,East,
102.8825189,5,23.72408886,2.742151288,13.14172319,188.27293,North,-45115.06239
114.3557194,6,21.48524851,1.601046906,15.30433489,240.7314257,West,-2806.038075
89.63912997,6,22.80761976,4.991628489,7.229960514,290.5355831,West,-24752.99497
144.9885362,,8.097122809,10.79760123,27.04993786,270.3749187,East,38561.74331
145.4020873,7,12.41426821,7.532417556,17.5025755,193.1673058,North,23620.82726
142.1683771,4,4.472773989,3.891107383,0.3353352911,197.5242894,South,54528.5774
136.1258948,4,7.927837557,5.849024269,21.00783592,202.3359622,,50671.40839
122.2076733,2,9.780900473,6.455173815,24.38978884,207.3499704,West,-23720.91586
104.2687,3,10.26366255,2.263223519,29.63140973,157.6325943,East,11275.65469
95.5509208,7,6.076156755,7.739251738,19.26645205,246.8296899,North,45063.15316
158.6971658,6,6.472642144,4.665151746,16.27328837,210.3304564,East,67199.1209
142.9441282,6,27.14264159,4.818638311,39.8626468,197.7571906,North,-48353.2568
,7,23.73291483,5.047569319,20.06586156,136.4427312,South,-48505.4007
121.194953,3,10.9898534,7.289080279,27.19561832,203.1143104,East,
110.9965472,5,28.48166264,3.489635684,14.60460357,105.3393848,East,-65900.21733
86.15367883,4,7.928758671,1.58605999,26.89909652,170.9175328,South,15937.7261
125.3295413,7,12.79779315,5.645910586,5.443710076,171.8451147,South,63027.74268
107.5352201,4,24.59223403,0.9126838277,15.37932454,214.3497597,West,-34974.02604
91.42390001,7,,4.39779281,7.917257606,293.9925012,East,24217.20416
75.62602338,6,7.804134364,7.37374858,13.95026678,228.5953733,North,11323.85177
73.08589499,6,11.68752856,6.158187807,32.5047004,272.4201036,East,-11264.81163
108.8572162,7,15.5209111,7.084712131,13.87674111,232.2606087,East,48048.5788
117.4471509,6,18.99868713,6.24070273,27.18256125,256.2526745,East,-37362.41145
,3,12.76258849,9.820668978,35.17265182,292.8563676,East,-29503.61295
,5,13.5078256,3.823520745,,163.4081584,North,20271.43058
118.0336037,4,,5.796263354,29.93767105,160.1447783,West,8652.012877
137.3065593,2,,4.123759058,25.31085958,233.440545,,-54320.27471
114.5126763,5,7.364230779,6.91360254,21.16436931,199.8160773,North,14174.26943
96.38647094,4,26.15826033,4.876850248,27.50315589,211.0176916,North,-87637.75668
123.4235271,4,22.67364504,8.437689759,38.3993809,187.5666554,North,-74711.14682
82.11976464,2,12.89809066,3.938368089,13.62731087,170.1870641,West,-3561.94029
136.1831556,5,22.66960756,7.814253051,10.407991,281.0382334,West,497102.3205
91.8855238,5,1.202882312,6.186279061,9.820854543,145.0069443,South,47028.50841
147.5469758,2,10.99018746,,29.9442797,234.319613,East,-3938.056104
109.8463276,5,13.7687333,6.084884676,31.29367623,226.2114143,North,9493.268139
151.8760055,3,14.62415672,5.522528775,14.62963067,121.0493351,North,-18179.26108
86.32130434,2,22.71321285,5.711909361,0,158.4609835,North,-60736.94382
99.66690898,4,28.9214154,4.586257854,13.2524326,166.865472,North,-111619.2111
131.4280484,4,12.01991678,,25.47854178,228.2292057,West,30922.00734
155.1149128,7,11.16739564,4.32985776,19.33276861,181.6482447,West,48355.47611
169.9982672,2,18.70494157,1.633710044,21.80347747,195.7205097,North,-30722.14928
121.2409849,4,9.156354812,6.683896665,14.76655582,127.1176322,East,663.3656968
175.1323689,6,5.099159681,,30.14089125,683.2812953,North,52031.97847
111.3100635,3,28.88468524,4.56470589,23.43191802,203.5597809,East,-127772.5217
152.9630287,7,24.47636875,6.296090083,25.86463472,224.9500449,West,-39063.67554
91.73457009,6,28.79648704,6.678793434,21.59065683,172.9687256,West,-62038.38053
132.6060152,7,7.317153482,1.450696126,25.24368164,167.3686336,West,46355.07739
49.74920877,7,1.516467234,4.81630385,24.58571688,295.6342327,North,32414.98014
86.35226965,2,13.6805857,5.919489399,10.71925372,104.1639196,North,-54453.05551
134.0003039,4,28.07465993,5.104032219,23.73063095,213.9323534,North,-82396.20072
80.62683443,6,5.011434827,7.688149915,27.91508172,139.4248054,North,31540.38518
132.8084883,2,4.398380162,3.3563862,31.55141466,179.7499423,East,22609.23207
147.1937436,4,2.999630743,0.9019177396,24.16107148,168.0952766,East,83512.23707
104.9603942,6,23.18552197,6.620652034,10.34749481,150.7011158,West,-14463.80362
90.93141133,6,23.79186948,3.925827761,11.8868267,201.7720865,North,-1396.150589
105.7744015,4,21.16590561,1.482918805,15.64851919,71.59854263,South,-72547.69831
91.02563042,7,2.545463509,4.682975219,21.89463908,184.2255759,East,54086.26608
116.9635933,6,21.97536174,7.461115952,18.77763899,,East,-19104.81627
123.0627187,2,14.01023545,2.473494764,8.762679344,132.0361727,South,-28648.43897
110.8196963,3,,9.671991908,8.702799657,275.6609361,North,32033.72523
170.2307772,7,98.7174861,3.324236811,0,170.2770813,South,71110.31078
98.41788541,2,15.53325836,5.174021708,0,188.1257879,North,-6528.633807
161.7429954,2,10.5598927,2.561735164,18.68218177,170.3890418,East,28058.62881
88.76282291,4,29.12272758,5.083220697,43.20230375,,,-76179.51723
122.1833271,7,14.76751051,4.732504356,37.96779524,265.4072047,North,8052.260057
155.4931623,6,11.7923648,2.021012195,10.21768588,323.6507902,North,40298.64778
153.9407146,2,20.52179744,10.65165394,21.49903297,237.2819602,East,-67660.39253
107.3922631,4,19.86580665,4.009325662,5.354204899,254.3996883,North,-65809.89012
136.6520916,7,1.070739132,,6.878904691,285.8213741,West,126251.029
132.6353725,3,18.93573725,6.938071759,8.025274024,212.4435538,West,-25036.63954
103.8018246,5,8.069300268,8.628509767,17.74501316,278.5125437,South,13644.50649
138.4784981,4,11.88177561,7.252873736,18.1754039,,South,30564.93341
175.8747652,6,21.48411783,2.597639754,22.52701971,207.199368,South,-16551.79726
134.15102,6,17.16420041,5.427818019,26.6321639,,South,
136.9906914,6,11.69099918,1.237255035,16.63119077,108.9291518,West,57206.71665
140.1646493,2,5.854900203,,20.36201971,,West,-10046.32322
76.17070178,4,15.65898343,1.729623723,9.061874933,122.812624,North,-24385.21311
133.8067402,6,10.26161468,3.393597353,6.555029757,118.7365424,North,45095.68189
89.49721275,4,27.47490644,4.993596992,5.01027654,209.6439345,East,-73386.02292
102.3033918,6,16.49605257,5.890013122,26.49247801,144.2960702,East,8388.84611
184.8582534,5,26.11295583,4.478130753,16.62092152,199.6443124,East,-25371.43178
112.4021517,4,12.31524983,8.038167353,1.288797372,206.921726,South,7221.996185
97.79477687,2,24.99567775,6.446479164,19.36911047,209.15248,South,
154.5774774,7,2.639570163,6.289449508,7.511786682,154.7939296,North,95288.59505
91.56968991,6,9.645451741,2.541198196,36.60378819,244.9341191,South,-2780.636926
106.5774257,7,3.267102058,8.398735795,14.21178278,195.5382382,East,97631.71971
157.471565,3,1.917855241,3.393869711,26.81505986,222.053784,South,27894.25301
121.283027,3,27.64700511,8.475084866,30.88963027,140.1780193,South,-101626.654
73.15208865,3,21.78919359,9.044390114,10.45071547,191.0836222,South,-103174.5822
,2,19.12819187,6.025313065,,254.8647242,West,-65041.36945
108.1060235,3,16.44229147,7.064026195,25.53467901,248.5088816,East,-38249.05242
,3,17.51706705,0,21.15546172,160.1353659,West,-22212.65546
101.8143916,7,19.52202106,4.609995169,119.3797536,172.7220905,North,12222.38966
151.5367792,,24.97081405,7.20433128,6.703706064,150.5656635,West,-60303.2886
173.270941,5,18.30976812,6.849020537,25.5403622,167.1793541,North,-17297.50769
94.47170329,5,22.70884213,2.560553324,15.13835806,130.046623,South,-45763.02328
114.2036094,4,9.148363503,4.41255592,23.49451223,193.0912064,South,39775.44256
131.6587582,7,29.3260904,0,29.19988846,,North,-24332.0707
94.27962742,,1.925019045,5.82598568,26.68808508,160.7473568,West,-784.7185388
128.1088484,7,12.21072126,1.233343198,23.48719725,195.4696859,West,26992.82745
113.2523914,6,26.57943699,7.260955686,26.42128296,188.9750796,East,-48853.88899
112.6479729,3,6.235165918,7.365449721,26.88411054,252.7559366,South,20083.68431
121.4681518,6,5.098804695,4.051266371,34.95501161,169.4204082,West,35184.09698
122.1379415,4,11.59749224,6.042551861,19.65949301,171.2391946,East,17961.92909
124.9164231,7,13.41764631,4.565802552,21.63956993,157.6989436,South,9425.09134
102.0352096,2,28.06842776,5.48381679,29.32066809,143.124524,West,497102.3205
103.3448483,2,25.24746651,2.705481154,15.0961239,226.4592496,North,-72622.16352
116.4423723,5,14.45859949,,6.647325273,193.2444602,South,
118.6572708,7,29.21627793,1.71762954,24.93230175,,North,
106.8345198,2,19.62607372,1.340139675,17.93976315,263.7320578,North,-62749.99282
129.7181893,6,26.33610323,4.756143367,7.924725883,266.6040363,North,-40131.54877
65.55714754,7,8.135652434,4.577513441,25.00541929,117.6882846,East,30988.60996
98.08601223,4,15.17995815,5.544603461,34.31133015,232.3917337,West,-46870.45486
111.6021652,7,1.861799187,3.70098502,3.702574537,211.2823463,East,58566.55045
94.31654439,,1.257525605,8.771383332,30.22324995,176.92045,South,69754.22623
,3,21.45814341,5.321209979,0,,South,-31112.8492
120.5658554,7,4.430515052,5.465763557,15.9971337,113.6808382,North,72224.34033
125.3030903,,16.88643888,5.394467755,38.40515912,273.1321171,East,649.6668023
105.5030788,2,21.18421698,7.005819738,16.71675951,225.7472049,North,-83552.04121
119.5266324,5,1.934803001,6.152034829,20.89938396,156.7401128,West,63693.35564
83.54239607,5,14.01350058,5.884035799,27.62866201,170.7294889,South,38812.98222
114.9054889,6,20.84040617,6.47196821,2.835264859,114.8426762,South,479.6541882
91.88974714,6,26.80219865,1.350770726,20.72094801,184.3021375,North,-58689.36489
111.6778925,4,9.677672917,,20.64213072,175.8634011,North,8018.259469
43.20250301,3,29.25227936,4.847882509,38.62320973,133.7444806,North,-177662.3519
,3,25.49170349,4.604652235,7.64259169,238.8351117,East,-60496.81585
163.9177921,2,19.86841709,6.159619688,16.18460684,263.8398595,South,-29463.12176
144.9119325,5,12.36583971,5.040033804,10.71644209,198.6319755,West,8941.72973
159.5711801,7,21.62220091,6.163729869,9.655881963,184.7176559,East,-32763.005
161.6316381,,24.6696048,2.508809461,31.27402727,221.7492301,West,-88792.80737
,6,9.795696372,4.978510859,20.26651502,199.0180519,West,48354.07359
106.4139394,5,29.79207188,2.317886524,14.44432804,145.8910392,North,-76055.84883
88.88247161,3,,5.773715869,14.82154099,167.3661007,North,-80430.23451
154.4023382,3,15.07954177,1.243429915,14.36772923,,West,-2338.193911
121.9370392,3,21.96206756,5.696620197,15.26196823,212.4093297,South,-37914.86476
194.8206845,6,16.19625794,2.062001238,7.355546557,200.4668359,West,39662.24032
109.0470607,3,23.06698601,4.232944414,17.41270457,210.518469,East,-47572.29705
179.1868756,6,24.98248391,6.789855383,16.40793308,123.7586008,East,
115.2962463,4,1.6734541,5.454759977,12.42203294,233.2608872,South,28607.28721
160.0814579,2,3.294828861,1.708679553,21.55046256,200.1707942,South,36936.14964
170.9007521,2,10.75755506,3.655212311,22.3988948,327.6354527,East,27938.89335
89.31150215,4,27.61079535,1.997242949,14.43352786,180.6182815,North,-40169.88647
105.4500577,4,12.54993391,1.610483001,18.55865849,216.1729248,South,-899.7197587
89.01062323,6,26.73785424,5.235326352,41.58623727,341.4609581,East,-77322.66376
83.10166535,4,14.41058347,6.120596687,41.20433259,,North,-66284.43934
140.0120055,2,9.376734689,5.881211841,9.459098099,196.618473,South,19130.19713
114.1011489,3,27.11871031,6.20525363,10.85552433,150.6539053,West,-96647.3227
121.5709897,5,17.2594523,4.976178298,9.40596723,276.4133184,South,48060.0054
136.687174,4,11.45404456,4.453219563,30.5705394,142.0449207,West,-5788.606129
64.27839499,6,2.287803105,2.853861346,16.014707,221.3560458,West,101482.0529
158.6029801,7,4.217060841,4.119840656,22.39674244,176.3222339,East,99096.55217
109.5271751,4,5.039999502,2.357303229,39.96967333,190.5331869,North,14765.39228
135.9720392,5,11.58025242,3.309668946,19.89535206,128.8033866,North,27192.42389
138.6213852,6,18.61265572,5.177853741,27.06248722,267.1563611,West,8716.855298
,3,9.920113318,,25.20420749,186.1101347,,10034.16173
116.8542784,5,2.900301379,11.12945608,14.11782648,139.2455171,,62510.44441
56.29087623,3,8.679453382,2.308408805,30.59161732,262.6345299,East,9599.267131
121.7138284,5,12.85176788,4.749802558,11.50299191,174.7931593,West,22731.46197
126.0212057,6,29.77582793,2.152535778,33.39879786,216.7303646,West,-61953.61569
88.97217423,2,12.39662024,4.224428248,14.12549035,242.0708191,South,-49580.06363
124.4247196,,3.586667144,4.305813636,,223.7017165,East,36650.08426
109.169447,2,17.85232962,6.689760052,9.115121764,90.16822248,East,-48011.72875
79.71738152,2,27.66956211,4.100666922,10.75740589,234.767835,West,-141836.8928
140.1445469,2,23.81417527,4.6173608,15.73235678,194.9693119,East,-65634.06029
103.0882455,6,25.25033097,4.139364075,0,183.5485652,North,-45172.83751
107.8086236,7,,2.197896512,17.66667659,194.5462526,West,-70723.58062
106.1226346,4,19.4597616,3.695795256,14.92025763,119.4983603,East,-42258.79075
157.0643579,7,29.85275919,4.23612657,27.90011099,209.6085457,North,-52014.47375
118.7725151,6,1.965165527,5.147651767,24.22980738,131.7804313,North,109530.1134
122.3729946,6,25.21035061,6.117894574,12.92362569,185.7080145,North,-39386.58599
106.7809154,6,25.85330942,4.530806981,15.41449241,207.8132216,East,-28240.25344
133.8860047,3,27.58431133,4.495647472,17.65381961,253.7018544,West,-82126.71651
160.4795415,5,14.86691427,1.558373683,34.85956554,159.019342,South,-23439.66105
139.4358245,5,23.84492178,6.079469035,11.7769532,272.5793686,North,-27916.19456
140.6060088,5,6.657331575,3.608204226,12.80239335,247.3426627,West,36449.20839
138.1869062,6,18.49077653,6.494246476,8.714158484,178.5295129,East,-12084.07902
78.5927207,2,11.40070942,7.632879896,5.179605206,144.5625367,East,-50497.71162
93.71643505,6,18.28903587,4.624169947,23.07003624,127.8091909,North,-15481.62031
113.8503782,6,20.59125471,2.953377438,22.02903331,213.5876926,West,2617.020998
98.22407873,2,11.06499134,4.966602774,32.82761853,163.1357925,North,-3375.428559
88.06388926,4,7.27091068,5.697403996,30.41409008,259.9678403,East,44830.71321
63.83472777,7,10.32894936,4.368959998,43.97116715,166.0238085,East,54864.7549
79.60412361,2,20.25476011,3.871923181,19.26127232,154.966451,East,-109596.216
112.3042333,2,20.62935278,6.127064421,17.39470436,211.6813176,East,-88637.6122
117.917209,6,22.49819114,5.995156549,6.997736549,165.6976571,South,-66338.08969
96.20838672,3,,4.307420719,26.96578167,200.4274997,East,34546.17321
122.3677564,6,24.73700432,1.691867669,21.18534241,249.2994665,South,-47958.53524
106.9849908,7,20.95628624,5.912756371,26.51266305,205.8614666,South,-29185.86305
152.7172076,4,1.884647224,3.465345613,8.608757808,206.048223,East,63819.63119
115.1512271,4,10.73233763,5.428682151,23.51604189,210.2573354,East,13395.03571
140.8899264,4,14.53462642,5.302314463,22.05199618,115.3450505,North,-34896.9132
126.0964129,4,11.45790722,1.222105146,21.3903504,219.5918875,West,-10920.97809
77.93786882,4,,5.162163369,13.16734092,207.9965788,North,28840.03422
117.2802547,5,7.013042251,6.029065051,31.89324649,244.6448663,South,56146.29422
82.93127702,7,1.712280452,6.274304831,40.50307579,230.2905401,South,65621.38904
116.7563749,7,,5.234731502,8.896559737,,South,58828.56012
97.64607548,7,8.722703414,1.045627912,27.2044398,251.6196446,South,5687.227474
131.458891,2,24.7791377,7.554162124,0,185.3684651,South,-60142.09683
79.72936988,3,16.27248779,5.822045335,26.68609949,212.3578552,South,-58718.85582
120.4410548,6,13.31043883,2.593361341,1.298453835,184.4425285,West,1553.85557
137.1724675,5,20.20272537,3.42447392,14.75032652,223.0878902,West,-53521.22852
147.2278671,4,16.70380625,5.462448419,6.869753382,181.1755109,South,-40069.18384
97.07496726,3,4.813903876,6.359568387,17.84388505,282.3775804,South,105.527768
120.5325292,2,7.456077551,4.024074287,28.38793698,300.8681369,East,978.3965739
125.5244092,3,7.453148469,6.651050815,1.426867363,243.6969127,North,-6883.334959
166.4137884,4,18.39862287,1.414466342,16.4052031,277.0648325,South,-3910.660702
75.56009818,4,14.38710662,2.915081978,14.86631231,123.039276,North,-22753.80631
92.66692365,5,12.23996681,0.8712719803,35.81048684,128.9311128,East,52393.3097
204.1338748,3,17.14253601,3.205189714,24.31761008,183.9219717,North,-39467.43746
111.8070815,3,29.13335779,8.016154369,8.227828867,202.0615483,West,-96168.8273
63.2701857,7,10.11161023,9.115604469,15.28705621,190.0896291,South,20994.66344
102.5234957,4,16.08566758,5.469180936,,117.8932375,East,-48097.22112
36.93380336,3,14.93073045,3.723141585,27.14365317,257.5795853,East,-44028.31795
127.2276214,5,21.78264792,4.556720198,10.81766538,307.7099117,South,-16014.61951
144.2935428,5,22.17841777,5.946679782,17.32929462,264.049384,South,-30505.31608
92.65012871,5,22.14305092,1.874038297,17.64890852,254.2761634,South,-12000.26426
105.8782823,3,6.844067818,3.855001648,14.62018073,211.3059803,West,-26222.03423
,6,14.02370095,7.869786149,2.897878437,157.8501315,East,1346.266648
67.49353605,3,24.52406604,2.908579861,13.22378285,203.6264026,North,-50925.81192
80.35286363,7,12.06437495,3.501950201,33.89199306,305.2794018,,38852.77082
113.1565445,4,29.5433984,5.026387312,16.18855513,182.4005944,South,-75885.47888
97.42995488,4,11.57881551,5.566284519,18.9674637,177.2521376,West,21427.65953
111.1839931,4,15.43233799,3.749991908,21.40525647,255.365183,West,-53407.95436
82.08749042,,14.76124225,5.153928767,42.18141395,258.6843025,South,-11494.52258
126.4294046,5,13.57625027,6.215879067,20.08874771,157.6049097,South,25200.67541
115.5230074,4,25.52330968,8.922903648,30.93945354,186.9257693,North,-89793.49596
136.4757148,2,,4.747511241,14.01819828,174.9047252,East,74063.69467
126.011985,5,17.46227649,,17.40600739,203.484469,North,-8489.850924
126.2007022,3,18.93944574,8.054904692,20.12552723,255.1843335,West,-90316.94508
76.61077936,2,25.68541793,3.901668283,12.25867058,159.7986239,East,-87753.88934
134.7777465,7,18.66680464,2.351293934,17.96282219,254.4832406,North,-5084.085651
110.0740079,3,28.84059009,5.500497951,,205.0825624,West,-74247.77522
115.0020508,5,26.29286366,7.15235005,11.99635439,,West,-52076.17414
151.4479313,3,11.1134585,5.72209427,20.00089031,215.9415442,South,-7103.838083
98.4169333,4,25.93728691,4.805968685,,195.1540715,North,-44751.41254
160.5355299,4,28.79585661,2.103213254,,228.7357364,South,-43129.6209
163.334259,2,8.458718247,4.883261509,30.95413793,183.1426881,South,-5442.778521
142.5835331,7,18.69605539,7.466309853,20.7288348,110.2363438,South,-2604.032618
90.58137568,3,9.172313458,2.531765837,18.34877437,187.9739413,West,13293.84256
54.41120263,5,19.83745109,4.510505652,0,187.1853195,West,-48795.8006
152.3650474,5,3.715641332,4.225030536,16.26387558,120.384127,East,58981.25156
123.3415518,4,22.29145263,3.604590859,23.71592416,196.3482405,West,-45279.96712
97.64407588,,13.17477503,,37.45345019,96.64448877,North,-26185.71714
155.2068703,5,18.03190818,5.886610483,25.67889154,182.6156582,North,-54796.55454
94.15323357,2,1.750009673,5.86565381,31.26216232,212.1797996,West,26719.23847
107.2753423,6,21.1678022,3.046380473,,204.8498089,East,-60699.2595
,2,15.38374927,1.708032611,18.73177504,683.2812953,North,-42859.03431
86.59191505,4,19.13227922,5.524776873,32.20746442,195.7234799,West,-82215.06845
116.7155727,4,10.1543712,3.988161917,,160.7967781,North,-18605.33631
152.6741155,4,5.228785029,8.676624759,29.65222629,200.540826,,45302.79987
126.3333223,2,13.62743932,8.769019392,27.33317865,202.9043203,West,
157.4227901,6,28.37539452,8.981379589,22.74723648,154.9875011,South,-62020.37614
154.0080707,4,7.606026773,3.119778198,16.71297375,213.38496,East,12698.87046
120.23215,2,20.59933135,6.138738173,10.13704845,213.0726328,,-73922.73428
49.89775871,2,2.445462777,6.741905035,37.75379294,191.6895043,West,
86.82683114,5,21.82489377,6.516708467,26.31862518,321.0523518,East,-51773.20209
142.9000234,5,7.914678417,4.291204112,23.40616125,192.9648807,South,56872.38543
73.49245739,5,14.09399475,7.558329806,15.87150252,186.0382877,North,2960.720187
110.1992223,6,11.66483992,5.000949973,20.3787163,178.8803445,South,15971.28744
130.1544184,6,4.272369956,5.25621225,21.6471727,151.4530388,North,26100.53706
164.0871209,7,11.02187662,1.924333096,23.99875685,234.294868,East,40804.02734
102.7494091,7,11.15362379,6.289529939,27.34340288,165.6876516,South,25386.55301
100.6953687,7,16.14106353,4.479176573,12.17528474,171.6025927,,-7076.65299
118.426627,6,29.19819446,5.929557724,5.334030345,173.087922,North,-84135.21407
130.5273891,4,14.63050815,5.4702274,20.84280851,150.7528242,South,-7406.789205
115.3725952,5,27.51835851,5.361873153,2.527826627,112.4458334,South,-15378.37192
151.4780505,5,14.3851721,4.908572855,16.76339005,176.8530066,North,937.6757008
96.02568501,3,4.118755725,6.573199469,14.9081017,243.6667656,West,22517.12408
123.604828,6,7.674433963,4.602214926,24.91748192,209.8489903,,18700.33278
133.3563813,5,12.81801261,2.089605161,39.82597035,278.0287635,West,39196.5256
107.9930157,5,10.43569442,6.137911213,0.554093761,237.5478152,West,35802.74795
145.1912981,,26.10904934,3.38198895,42.7418503,226.1982405,North,-15733.12595
124.4687562,6,20.68072246,2.351476315,17.66924841,294.1324511,West,13484.39337
143.6653714,,17.77094511,2.955513332,23.47808682,195.1427202,North,5481.700209
125.8231232,7,15.24565699,5.566664759,5.851678424,203.1537837,West,13572.93801
131.2921371,6,12.52084793,4.806962394,29.9687157,199.4267789,East,55772.15776
101.0282473,3,18.75358076,0.7346339407,20.41472536,277.1893366,West,-25802.70181
101.0768488,3,4.613607798,4.232688114,19.38532589,200.1257658,South,-19071.61064
156.7318944,3,5.713462458,7.33846245,0.626148851,167.5861313,North,43081.69313
139.0653133,6,9.790374249,4.097408658,20.73796814,229.3837769,North,29250.11815
89.31104501,7,5.964353877,4.669046893,28.45828324,159.1870094,North,497102.3205
125.4259027,7,20.63586285,7.085982875,17.63721365,226.6735756,West,-4633.795375
48.78671839,6,1.718281321,6.590978516,31.74199346,220.6920467,East,12144.782
102.7817951,6,5.645147258,7.043502175,31.32895172,190.5298666,North,48013.67068
148.8308303,7,,0,13.58904617,228.2905786,North,-19277.60032
116.2456323,6,29.9287513,8.467046077,35.95113859,125.6105035,North,-71373.91593
123.5373801,2,15.14012386,6.272800871,,208.1481061,South,-23348.72368
30,5,15.36573212,25.1953003,20.49745251,176.8617308,East,-11501.01409
108.2323915,4,23.4285641,3.435347938,20.98981223,343.1131789,West,-46777.75526
130.1481667,5,2.049497751,1.473098789,20.69315751,207.7912535,East,72585.6839
133.9586963,5,13.38362298,5.014436913,0,170.1803975,West,36540.33205
148.8706713,3,3.895008573,4.44925534,18.14493602,131.0849132,South,87775.64495
113.6922674,3,12.6268651,6.307327967,6.360535283,265.2703098,South,5918.547461
115.0303256,2,29.53083339,7.149856689,36.26335702,182.498364,East,-110208.3348
80.03647712,3,22.85536514,4.82541171,35.86082992,160.4323966,North,-68117.3962
113.8643538,6,29.56633039,4.518583908,28.51938332,216.8149607,West,497102.3205
82.15274813,5,22.63541014,6.045439639,17.61532563,232.4859416,West,-53309.8305
64.56389641,7,18.63519208,4.487342669,9.919850634,231.6976467,North,29001.36497
87.4446189,7,22.87240415,4.320035798,13.42418999,200.9875212,North,-44032.63714
165.2605472,7,20.11365852,7.074269877,39.42641906,207.9595068,East,20490.0836
111.883164,3,14.45791487,7.519555714,13.07802613,211.6018538,East,-28473.27695
126.5963209,4,9.483843686,7.167932488,0,216.8198133,North,
104.5951125,2,16.08516372,4.663540575,30.30165508,221.2442598,East,
66.28346942,2,8.496310743,0.7204220245,35.00503114,254.7226376,South,-21464.43457
148.0833937,3,15.11361405,4.703587827,36.59215687,202.8207431,East,-5911.471284
54.8340558,3,,3.484039975,30.38348004,159.1598367,South,9360.131052
103.3562197,2,17.39645787,4.740549962,32.01519677,192.7854148,South,-71914.52916
118.3615536,7,8.113227034,3.657818215,20.52934074,237.6890409,South,83416.36268
126.9146893,5,9.514635014,4.958520289,0,110.6736021,North,52608.21843
98.20591186,5,15.47181611,2.921448742,20.27881042,110.9623902,North,24147.06886
64.86115551,5,5.713261338,2.438565127,26.21572772,245.9138061,North,36002.88506
95.96720123,7,28.90901663,7.445382965,18.64729943,276.0061408,West,-64537.79766
97.53726037,2,13.96138515,3.060684773,18.19163881,136.7399982,South,-15960.75528
96.80719515,4,11.21609766,5.000663251,10.35881961,205.0229635,South,-10250.87467
149.1017577,3,1.846701548,6.909029693,9.982612567,180.0227444,West,52643.67426
83.59191666,5,25.45437653,6.828608252,38.38148515,186.9584944,West,-76667.46219
129.0293782,5,19.14918354,6.58969641,38.7434637,215.2765504,North,-56755.32305
124.7489111,6,13.07574949,5.605733029,19.97352869,135.3564885,South,19659.57716
148.8136523,5,8.120451181,,22.81523605,144.639125,South,28052.71976
116.0060438,3,22.60898514,7.746176265,10.19141943,184.9374414,West,-70254.91737
143.733929,5,28.4187627,5.850045188,26.4257485,192.7312201,East,-58297.7135
114.8333959,7,12.04348146,,37.59649172,143.7022447,East,59800.18965
133.0317758,5,4.911405983,3.942933588,4.707692201,239.4823837,North,
74.91176738,5,4.166647671,,24.638833,,South,27554.12457
40.85165771,3,1.184497198,3.745808133,25.39022243,178.9091197,North,8819.514887
131.3264056,,22.57470778,8.240212279,25.27606515,214.1329395,East,-91186.60069
132.9354938,3,29.46046619,4.873640344,36.42817668,193.5545862,West,-105958.8685
134.26507,2,29.79171483,5.170497543,40.36018212,241.8738406,West,-110537.3426
104.2520246,4,23.74172038,7.249488398,17.66516322,153.3288731,South,-53440.91307
164.6916676,7,5.703329571,4.634300205,26.73173672,130.1306701,South,82945.0813
106.2036655,4,29.35357422,5.352554071,20.84233706,184.5106218,West,-110548.4657
132.6263706,5,10.50658985,6.798246968,13.67884707,203.0118086,South,47211.92869
137.8390868,7,10.67496868,2.055458768,22.70814157,137.9622028,West,68488.50733
171.5622048,6,20.93277163,4.429403675,26.71499529,130.6123219,East,-25159.49151
110.4891114,,2.422426425,6.658306591,22.16928685,209.1148891,South,78184.57836
100.4042128,6,24.94732217,5.131200297,11.18818791,162.1109716,East,-40252.39497
75.05563847,3,29.92162102,7.934667624,15.3643936,127.3744141,North,-118907.9847
166.5710102,4,23.47702356,1.848153284,15.4409258,248.2670646,,-26540.17147
132.6423272,4,23.66861825,1.619996464,11.57556045,168.4102664,South,-44284.09346
133.5918332,6,12.31909645,6.539373033,23.13539582,257.4905802,West,32192.79674
213.5011272,4,2.911720281,6.73161443,,201.4235396,East,75341.44125
129.7513422,,,4.613499986,29.79517601,214.7379431,South,-32516.45563
80.93035785,3,18.31758452,5.8007888,11.42377652,189.4250127,West,-91332.83331
114.1228928,3,27.37082198,6.490413955,14.22521314,67.24188777,South,-77764.97805
90.75652773,6,4.362924105,3.372273588,35.54569452,143.1606754,West,44371.8675
108.1239482,6,9.84856883,3.58630325,18.35504136,193.714527,East,48297.08678
107.9223119,6,11.45902846,5.379452358,20.30131029,218.2364569,West,30332.35867
102.3892683,3,20.81511155,6.80817792,18.24896279,110.5162989,West,-67357.17728
78.20152484,2,23.84460973,2.668086147,31.33030819,197.3199146,South,-66510.42148
167.775049,3,28.86959185,4.604104736,31.71808681,143.8867956,South,-75182.66455
128.9654413,4,98.7174861,4.511526737,31.13208101,211.7310083,West,19302.44373
113.235839,4,15.31545585,5.83591821,20.26567611,199.0299607,North,-20695.65301
142.7291349,21.52859774,1.839866972,4.98260326,11.27564023,237.1750801,West,125544.5354
134.1320182,7,8.336648465,3.908232832,39.25213078,253.3411465,North,39130.81904
128.270722,6,11.84610174,7.497131562,,222.949495,West,12536.23508
140.5499422,2,18.22037999,3.921485037,15.43341019,243.0196794,East,-64127.23294
124.0180423,2,14.65451931,4.415807274,34.23818847,182.4828762,East,-16846.84882
140.1066437,4,11.56977673,1.817004728,14.64391085,341.1558706,South,6659.649433
142.593369,5,19.09826103,3.572748246,34.10703403,139.0590452,East,-25802.79128
124.8815621,6,,6.032152153,34.78284589,173.6122111,South,-56697.18627
113.3881652,3,8.008752857,5.641203913,10.78517228,245.0679291,South,12277.81717
165.911934,2,10.9434005,6.19903398,25.81758303,237.6360652,North,-27044.92641
105.6629538,3,21.44278584,6.101964572,27.82190704,224.369451,North,-107699.52
,6,23.56027736,9.175428073,46.149092,233.7659329,West,-36238.62635
132.4172523,7,24.93650928,3.504282345,12.57698882,95.82214227,East,-66560.843
101.7132644,7,7.070605348,1.761152513,34.32543277,279.4649347,South,72415.24656
95.76532844,5,16.63874188,2.898894008,20.17346018,189.8054521,West,17253.57499
109.3844394,2,27.10032186,3.592696328,7.586358164,,East,-94148.82842
105.2334944,7,12.3665632,3.051346127,18.8001283,98.32367105,East,56061.0207
76.25608315,2,13.46660962,5.187321695,20.02464761,212.8284252,North,-38895.26759
100.4551475,3,29.55986537,7.505309811,,171.824886,East,-72227.14889
127.9866895,,4.278526735,8.079318146,23.12173619,228.6060076,North,57553.24463
157.9783075,5,21.46245769,6.008617004,29.57809255,215.8535226,East,-74717.57788
136.6317401,3,25.65533968,9.282544431,22.38200654,218.3023899,North,-81490.29668
42.01396505,5,5.373011982,4.287253887,14.58155911,147.0529156,East,58701.67971
139.2391114,2,21.71914384,,18.51527932,197.151544,South,-42903.29628
103.2554464,3,14.62240844,7.106356136,19.95456643,190.9916476,North,-40263.5151
133.5924022,7,25.73383566,1.322811217,22.17321627,224.7655021,South,-18644.1689
119.5759422,3,27.31611719,3.489993955,31.09830762,249.4648498,North,-63986.02624
114.2193712,7,26.30206219,6.040224465,22.71939753,207.5237961,North,-45166.10921
116.9329282,5,2.86716899,4.79523704,5.973033714,136.1913856,West,112759.1372
119.3272708,5,22.94880303,4.618094474,14.37678928,205.3789405,South,-50994.98197
160.3321492,6,27.72429967,2.638419934,21.66021051,330.5538114,South,-19419.41353
119.4101944,5,19.01910478,4.978395221,31.24124485,282.3002663,North,-9674.159731
152.566084,2,18.42540575,7.007324977,32.97846442,51.28002186,South,-60861.53486
148.197176,7,2.305156235,5.039935833,37.74685342,203.1671577,South,77221.65824
140.0113664,4,25.82495764,3.339548241,21.30614398,246.6059763,East,-37206.51867
66.4014354,21.52859774,2.345703264,2.504923079,27.63309176,190.8836494,North,50932.97484
153.4989797,5,10.09177859,3.380810834,5.455384656,176.995454,West,44853.52782
106.2629612,5,27.85002889,5.784667505,24.29881573,186.6517892,,-106146.3978
141.4718184,4,28.54260914,5.687204525,9.247358985,227.6094743,East,-59920.18896
90.824015,7,29.76511567,3.398985799,19.37460804,142.5765013,North,-56220.17719
84.4477787,3,14.81566628,0.578481156,50.29838389,259.4344326,West,-30719.96848
179.2916621,5,6.145456845,5.840025527,23.03554236,197.2003504,East,64385.29284
91.29050799,5,15.15039012,3.204585202,11.36186781,153.2487863,West,-14924.19873
154.3831992,5,3.967074827,6.378124958,24.07789006,256.2175081,West,47582.14262
123.5526096,2,26.30354716,3.487780716,14.82924813,122.7434547,West,-88985.58769
107.3963982,4,17.25557976,3.024199093,10.39255887,172.2394951,East,-31125.47388
118.6551335,2,12.73067108,5.306343815,41.03139533,171.4162467,West,17077.64168
80.9671651,5,3.306390372,9.71539846,30.66812026,307.1970969,North,
119.5873686,6,12.75197963,,,165.7489616,East,-4608.761326
87.51779058,5,26.11955664,5.272438598,16.0817671,92.25173897,West,-27193.25313
108.1366862,6,21.39877204,5.717703073,16.89210517,170.9092442,South,
147.7589869,4,3.391210008,1.497768277,35.42481867,222.7775174,West,58325.80813
,3,5.637308792,2.755319258,23.06577538,239.2042273,East,48404.13089
75.53488503,4,12.37694623,0,0,313.8269847,South,-37996.38255
145.5446438,3,3.939877398,8.459747789,44.20938516,270.3448785,South,24002.80636
119.7870071,6,28.08719457,8.054772058,21.83062357,209.3961297,North,-76023.42429
103.7344419,6,,5.785637052,23.43369006,155.4292266,West,-20307.56596
142.4002891,4,3.749867038,5.270230206,30.86694813,281.2013716,East,55220.29792
114.9837949,6,23.85366641,1.896819995,24.65402827,181.5718225,South,-34679.68288
85.0301598,2,11.68377193,4.561400079,27.46908618,167.0921382,West,-29665.19078
175.4342913,2,8.101248692,8.584783757,15.76276533,179.1463099,,33462.84344
119.4813767,3,17.52956332,5.262831996,7.70204676,137.3855881,West,-27564.98713
117.5584439,4,1.38779186,3.870707068,22.80232781,176.7489954,South,57208.69235
107.8468448,3,14.49653214,1.48385868,34.31614652,188.3445835,East,
155.3989722,5,25.4703448,7.760611455,13.52197442,236.5328303,North,-11766.80453
104.2536448,6,27.91367028,4.859832398,12.71976005,180.5955832,East,-56741.20409
73.65060424,4,10.93408643,1.486532293,32.2101926,136.6270379,East,-12006.07
99.63967014,4,19.63066106,3.151468636,15.42754795,119.8113922,West,-75590.21009
,2,7.577879713,2.444923965,15.89440086,210.4784874,South,-6274.945768
144.9639648,3,,4.736512949,16.26855727,203.6312927,North,-34401.69851
112.3495304,6,8.366804058,5.414677939,19.35019019,172.2843644,North,35348.47677
161.1976542,6,17.56933875,3.993565871,4.263619041,176.627177,North,913.5721344
142.4382669,2,5.979941402,6.554093193,14.60659887,219.4243466,South,24263.99513
112.0023191,2,28.29574415,5.157604481,22.30368019,269.5273127,West,-113485.0763
115.0227043,6,,7.124624771,22.23237936,160.9927708,North,-75759.74805
129.879532,3,10.77062923,4.285611844,31.57993053,204.4451418,North,12885.27062
95.04339151,5,23.52322378,11.09065118,38.39392222,247.9135202,North,-41079.47128
120.135152,6,3.769619791,3.871022553,35.12483447,161.1942855,South,40604.47125
129.2554009,6,22.47046635,3.193340016,29.14652384,199.2183943,East,-20518.94222
69.39101284,5,9.191314759,2.9473989,18.51265409,198.1002198,South,-22440.49128
114.3203903,4,4.933611292,4.578118547,13.7693093,134.4352382,South,8496.069547
110.9083144,6,20.66754532,1.560927818,20.17878433,208.4249397,North,-28581.31145
150.8420406,6,,5.589125688,25.8557877,201.5772339,West,38882.5778
64.66509019,7,16.37404845,1.189392461,28.21937798,227.7542125,North,-15611.98788
108.5548194,5,16.09536374,5.323341848,26.23085734,140.6556763,North,
105.5473606,7,2.723991481,2.297496512,18.78824529,200.4985193,East,80814.35136
148.8021289,6,2.490027224,4.237413185,27.8686224,269.0867032,West,79421.79734
118.6936029,2,18.43385761,6.209080798,32.60872505,303.8749916,South,
173.8828394,3,19.09207463,9.608075368,28.80160384,264.0064634,North,1980.451438
139.8664015,6,2.368062139,2.843998958,19.67986945,141.1464247,East,75470.66332
,2,11.97474062,4.699365101,11.66151307,222.5526341,South,-16579.93797
127.1897609,6,18.77268711,3.55248265,11.42432571,175.8426713,South,-12780.24312
109.3779357,4,20.04373902,3.260259355,13.18782376,214.1950297,West,-27335.57653
145.7818827,3,25.01999702,3.57005334,22.57075199,161.3891647,West,-37997.74783
80.0340686,5,13.20123622,6.648132951,25.19803754,114.3263279,South,23170.09264
95.2891207,7,16.89947565,4.023888272,5.854676821,182.7741381,East,-10009.11919
133.6706976,7,17.77825089,9.498625397,14.96004892,236.1301348,East,21708.85802
156.7726935,4,10.04931322,5.831958512,22.43285465,214.3999878,West,32057.17037
53.94094212,2,2.560936671,2.979978678,11.0032009,220.147393,West,35148.02872
161.2341365,7,1.12255186,4.266589636,24.33904153,210.8175161,South,97940.54365
115.7959461,7,25.24763707,3.39630602,16.92571709,220.2263737,North,-34977.51967
63.48375114,5,6.806722853,6.600137306,12.76579728,226.475588,North,38425.3211
30,5,19.27738526,1.722440687,20.53205432,186.2659286,North,-25471.83656
74.11841803,5,17.73437688,2.318097239,23.9228033,204.1445281,West,5865.5862
119.4088543,2,12.58935923,3.816907763,11.51471086,287.1629187,East,-12515.62058
118.0230589,2,25.17130595,6.365893586,17.5738762,207.1015515,West,-88420.26396
138.996013,,21.25364628,7.46612055,24.67678377,202.1281748,North,-113229.8406
103.5153847,7,1.65950244,7.761084382,12.37909817,205.1442254,North,
86.75878361,2,23.52412813,6.05960304,3.422431596,189.1045741,North,-91903.52091
,5,15.70296572,4.834220927,4.634261543,178.2322018,East,-28492.61448
121.0083086,4,11.06355938,6.589251625,15.81949136,210.4339262,North,21345.77331
126.9231838,2,22.07965504,2.710998765,6.815817237,174.7142399,East,-84957.47177
96.32505902,7,20.89590326,1.310685556,16.52278105,,West,-21148.56397
147.043401,2,10.0070589,5.873275155,36.64942851,160.4742647,North,-13918.29153
101.3580968,7,29.50812727,2.988643166,6.214016123,205.4005902,East,-29847.63402
93.90847913,6,19.81254611,4.869386536,17.17395149,229.2097472,East,-35770.10569
103.7282547,6,18.56761166,5.239254032,41.32304554,189.404257,West,-11035.64819
152.2452053,2,3.026530541,5.496239118,24.08130083,99.58107816,North,38845.45518
116.0161064,7,9.10024463,6.875583077,16.32276713,229.5185772,North,60812.69606
99.16459491,5,13.96224607,6.664150377,18.43117365,206.0091921,North,10339.93208
147.7832325,4,19.28814542,5.390000134,24.29362508,150.3384275,East,-28112.60806
184.2824562,6,15.87014529,4.115969439,36.95771931,238.6635121,West,-13138.03556
126.290479,4,23.12795507,5.215524177,14.69146393,130.07874,North,-55496.63304
157.0152738,3,8.614463662,3.807579167,12.42389717,252.2703808,South,
412.4821141,3,21.36255286,4.607142156,6.211912672,197.131669,East,-35830.28161
101.8308075,5,24.68131436,10.23634685,21.03096033,86.55674623,West,-82114.20474
120.7990254,5,23.18644929,5.364379402,5.943126302,208.9164794,West,-18374.06757
81.52366111,3,23.35455095,5.900490034,15.36217375,179.6903816,East,-76557.30212
113.851732,3,26.76670466,3.589038702,10.91316559,172.1575354,West,-97104.34611
101.2142889,7,3.441177732,7.040146833,30.7412351,163.1137119,West,54091.52798
107.9134213,5,21.21855557,6.520544845,14.91603613,193.6392105,West,-784.9168795
97.50314906,7,29.09166783,6.534705109,23.96930328,175.7405659,South,-50431.62633
111.3870958,3,17.63586885,5.429782494,3.959079983,107.1654878,South,-15231.1344
135.9669806,3,7.302173048,7.068380192,21.31506954,263.6033943,South,-4425.077959
116.4152427,3,29.96386037,7.543370393,7.968396941,187.7821172,West,-114976.1788
64.06880407,5,6.065641492,5.566197839,15.743515,163.4032492,South,11309.69546
97.61638305,6,10.73117322,4.770775282,42.11202574,143.5788159,West,21640.12547
,5,5.989803464,6.78914198,29.32174377,238.5366034,East,19930.79238
127.3218068,3,14.47087319,3.191749387,18.71587417,135.0784015,North,-23804.22897
135.0995209,7,13.14740428,3.564079439,51.9894191,206.6993651,South,20398.79907
127.6964467,5,15.245986,,10.8482531,,North,-15416.51388
96.3778682,4,27.9115186,1.517285863,31.65216382,173.729017,East,-83258.56474
127.4056179,2,14.87140719,6.655190547,4.673255432,144.8220235,South,-7826.427041
105.8965723,5,15.92416346,3.074172225,17.56077242,168.9840284,South,-37437.16351
85.85323651,5,26.71378107,4.057017957,6.522102498,200.4406196,North,-59900.92091
142.2578976,7,24.71498183,4.573440809,22.57275915,211.7656113,North,3466.411818
144.5408326,3,7.951938906,5.078573643,20.55970254,160.7203759,West,15991.16624
148.4668644,2,1.374852702,4.312693447,16.92335201,195.4532799,West,35469.1245
101.749542,7,19.25548817,4.865257906,30.92057025,244.4227215,South,7306.267031
155.3808694,5,25.50064489,4.880744735,14.32901027,116.8685722,West,-62966.95556
105.1925325,2,17.03265327,4.105938085,23.26851748,199.6865513,East,-46525.54375
139.6050396,2,7.12413068,3.453611085,28.2055494,152.4608027,South,-6779.43396
104.6726201,4,22.49929763,7.162947849,5.167787911,147.3657914,South,-93561.4432
113.2805351,5,20.4166392,0.7911885955,12.51585658,213.0505756,East,-24798.1681
47.36466428,3,17.38594358,4.588569682,20.53860967,172.7374266,West,-80927.60635
110.9426036,4,26.03674905,,26.30153419,139.1598437,South,-70240.76369
122.732699,6,23.74302824,5.837582973,34.21237766,266.2141596,South,-17579.95215
107.6985115,7,20.37061065,2.091414407,17.84120201,246.0044757,West,30282.54806
172.685642,4,20.2780014,4.000429318,16.83528957,103.3847022,East,-18874.87586
85.12601744,4,20.20387639,4.795280532,11.2740397,126.2785936,South,-26690.07192
103.0925629,4,16.2297776,7.140147221,23.29984092,229.6728536,South,
92.8538217,2,14.45372769,5.664369934,17.02882426,185.7563083,East,-46437.75634
103.0866906,2,21.57841333,2.633023578,17.25967737,275.0287322,North,
150.9423919,7,18.70433996,4.025046563,19.06111494,230.8168199,North,42890.18182
164.3409538,2,15.20943631,6.772102705,25.51628062,214.9732762,East,-45944.45415
98.97622167,6,,2.598450268,14.36269447,148.9068654,North,86210.76271
98.30977372,3,21.35593487,4.842711463,12.27841911,224.5720147,East,-48242.55237
85.28614054,6,19.73395855,4.981759095,,,West,-47158.74923
159.1885616,7,10.92520435,4.22843388,0,265.2622267,North,61444.17064
153.6301322,6,11.33337182,10.39150357,13.96321826,221.1069295,South,68946.96486
116.820546,6,8.15494914,4.174537081,8.486905006,158.7584712,West,75255.5315
78.11702411,3,28.89554243,5.899530319,32.03258223,240.2338714,,-119021.9754
80.80012304,5,25.94583952,3.46739776,15.59067237,312.0762445,West,-79157.55337
125.1188835,5,17.27042185,6.055495984,14.39283885,189.119145,North,-11423.60491
136.4801376,4,12.64794125,6.741575194,19.51377515,227.5206595,West,-2536.803662
58.01565585,2,22.36793265,3.824071927,14.04627572,178.408534,South,-60540.8007
110.3607027,7,16.30411711,4.89059637,15.97351842,204.2676109,North,497102.3205
168.5488767,3,29.29967998,3.20944046,20.9711041,124.638272,East,
113.4747238,7,2.598555804,2.711192376,15.77959565,199.9735243,North,92044.7864
164.6891427,7,1.994286288,7.073590865,15.70782548,202.1788665,South,88969.10307
139.4713839,2,17.48971952,3.891998108,,289.9498888,East,-34048.80082
87.47161197,6,6.895097458,0.172775343,8.462162595,110.2498444,East,54927.37307
111.2198612,5,18.52482074,8.530712313,119.3797536,185.955827,South,-6094.352016
116.1391728,3,23.66126783,3.395809354,23.0660051,264.4058609,West,-44784.73602
91.42465296,6,5.005183074,4.507253913,5.718433562,187.9114252,South,37624.25401
90.90395932,2,98.7174861,8.281813011,27.59941415,191.4329234,South,-44489.88707
165.2030578,3,20.97134542,4.716515812,27.6404764,158.3370488,South,-48910.69043
90.67918141,7,25.18204355,4.673326796,29.74689138,153.369731,West,-77332.67511
152.3530823,6,15.39397861,2.543653911,22.99889085,108.7073117,East,17078.95011
106.9054656,2,6.97845402,1.730332601,26.370821,168.5392376,North,45676.70722
119.2308201,2,17.98817841,4.667227471,41.85025845,150.5322472,West,-85815.95604
136.8553325,3,14.18099499,5.725619548,16.98478399,205.9019417,South,-14766.00309
102.0432398,2,23.38583738,5.611050816,9.543084991,160.6165899,South,-80248.46333
137.0371294,3,17.11170586,4.037477839,4.659401168,176.0204507,North,-17347.47606
58.60710901,5,9.103262504,5.040515599,37.5567393,177.3897303,West,-14426.27856
133.1912217,2,22.87739467,1.325580009,37.68787259,197.5917409,North,-92725.36973
45.94409626,3,16.01466338,5.920334041,10.75400258,173.5738872,West,-77506.36196
113.1945982,3,6.148850016,5.32281169,12.72679187,146.9106955,North,46935.64418
145.6272896,7,,8.947321788,,204.2883222,East,-13449.10433
138.6688592,7,28.50128174,5.014959293,32.24256872,253.3741608,North,-56868.67876
81.04768563,7,21.45997157,3.114661296,7.126978015,206.4233098,South,21865.22825
84.91006812,4,9.665297482,,0.3338047511,169.5089781,West,
99.33983879,5,21.61532208,25.1953003,41.67514477,193.8426797,East,-38062.81121
125.5864759,5,9.195583019,5.869415738,23.12373287,97.46836148,East,46805.61987
59.0420043,7,,5.053784123,24.54413306,193.0298625,North,9706.788452
119.6032927,6,16.27127715,2.480106598,17.94893995,179.9822815,West,-20296.9617
129.3428812,7,8.174335488,1.728513424,24.65784924,153.3269821,South,45582.19524
111.5088846,5,11.0885548,5.525816405,4.857941167,162.3950824,East,22358.74004
135.759629,7,28.32326219,7.766229082,11.59079433,179.4882749,West,-9799.713565
126.7117247,6,8.267357556,5.158695768,21.05157885,249.6229138,East,27418.05499
103.7503722,6,24.22978427,6.626594708,0,254.6030208,East,-52640.05272
61.91431919,5,20.35374682,7.025618308,16.97482386,153.5937419,North,
124.0023924,4,16.44624484,5.533583692,16.3583563,174.0961313,South,-6627.988315
91.40773904,5,4.987931214,3.371017024,16.97309768,175.3705021,,56301.83315
102.6497213,4,6.932551828,,14.48918192,240.4772758,North,6006.925764
134.3737265,5,6.190351084,7.414145775,10.04108074,207.2753276,South,32297.44276
412.4821141,3,18.01703351,6.059781099,1.779681497,204.6394931,West,-19085.36262
118.8581963,6,29.2281127,6.496490686,21.44747047,226.8131307,West,-42065.72759
136.6219451,5,26.43993862,4.074907517,16.99876013,170.1793296,West,-57191.99962
76.66561977,6,1.732304605,4.595292481,6.247184534,268.1943287,West,63988.49169
127.3657074,3,8.938072109,4.762545378,20.62533413,199.9127671,West,-10249.54911
118.2028219,6,5.560466309,4.897323995,17.05049805,157.2043777,North,92032.71281
156.8768274,6,29.29465742,7.335916632,15.38976048,188.5179878,West,-53697.72929
103.7862457,2,7.832696803,0.3056525433,0,261.5964162,East,33439.37304
112.7508715,4,6.838082366,5.061076609,26.82767512,178.7428932,West,25102.59132
151.764434,6,19.00538351,4.841007249,7.669489599,247.47789,East,1486.797303
,7,17.12941092,2.256997717,20.63270255,168.7327104,North,-18784.60709
86.73475856,6,7.54969303,6.343534433,11.91731557,161.7168152,East,-9490.373323
196.5489982,4,,3.550999616,16.11273482,232.9798705,West,
87.6422171,3,3.813209128,4.285934701,31.52292492,156.301372,North,24223.93214
118.0589976,7,1.561702915,,25.31618201,241.1270125,East,79761.63714
130.4006447,7,3.39002893,7.019947299,31.30039946,217.5813,,47324.16182
128.0285253,7,11.58117855,6.148973878,23.30385495,156.3203033,South,15795.30312
114.3076889,3,29.27547351,5.761553869,23.96143584,196.4278628,West,-76761.56004
114.4571889,4,16.87016297,4.670639955,2.188609998,172.5612855,North,15355.33792
112.952044,3,22.88705699,8.998754531,16.82475006,217.4488278,South,-83902.71343
86.52198424,7,10.32337681,6.604335263,17.75091068,294.3899122,West,41599.30413
184.5065764,7,21.8608329,3.500900172,32.2366482,181.4647699,East,6762.106643
113.4002725,3,29.01925475,2.199795444,14.93770672,226.6888137,North,-90420.52539
137.9079298,3,11.37506582,6.133676004,22.64859509,201.2220321,North,35141.60329
109.9604143,5,29.97272361,4.88826174,22.25757343,201.2028852,East,-89765.15907
109.3570898,4,19.51388858,2.142123666,31.5767516,191.739744,West,-10164.18138
,4,22.70915096,5.857172331,18.66255918,157.1291277,North,-49148.87967
73.50462636,4,8.312849927,4.461945679,28.27786949,216.7569975,North,6003.400567
115.1813658,6,19.64963231,6.061329851,2.951348659,185.5629125,South,11404.78806
107.7897704,7,15.81918129,5.883480429,3.859805671,154.7599958,,16814.31262
,7,28.73567672,3.783471957,0,250.7086631,North,-36128.7402
84.09899647,4,27.23557639,6.265689529,27.85984975,204.9504811,South,-61052.78757
102.6855847,,12.50350537,4.004189835,119.3797536,188.5950521,East,40294.87019
93.046786,6,28.45922279,4.134236254,28.96827574,267.0028307,West,-43870.93374
163.2759118,3,26.65956403,3.935457187,13.22638164,108.1959232,South,-142370.9323
93.91774665,6,18.12113166,7.261948856,14.36452342,263.6410402,East,-10496.32211
136.8689953,4,3.381419355,4.438855224,18.78952357,155.9906025,West,56072.31173
149.1048442,5,5.662916979,7.744886361,34.43699303,210.576627,North,43763.58521
115.6163127,6,3.229353096,8.56696974,36.93828128,170.5968123,West,66553.31889
78.69566997,7,4.131800325,3.522561726,27.9380849,,North,65835.79628
79.07538424,7,29.33161886,0,23.31019725,265.6943263,East,-43509.98147
145.7929219,6,7.152851677,7.089019087,33.35382698,292.8108284,West,42351.20013
82.18217944,5,98.7174861,4.316056205,17.44157543,188.9387175,West,-12298.19807
131.7607983,4,19.45931947,3.267627174,16.0905847,216.7737351,South,-11509.29785
123.4304733,4,19.30320108,3.822563788,18.70977879,202.8495626,East,-19617.71581
131.3139745,7,6.994415988,4.170372357,10.21285631,286.5253419,North,74485.9518
134.1475442,3,17.80105124,7.594386181,18.24990636,94.34247763,South,-14265.43544
91.98987647,5,19.14061214,5.319822479,8.825919562,218.8561721,West,-9639.458536
90.73415463,6,17.54175418,7.56719726,30.25007819,163.6436843,North,-23601.08839
141.447814,2,6.398711551,5.988440239,25.43687391,82.20179893,North,33347.14241
101.1196617,5,21.96875732,4.381538552,34.29562398,181.9734951,East,
37.49554524,3,3.124051696,4.219285594,3.707171971,292.4024395,East,55371.74022
139.4626589,3,18.14480034,,39.01696947,167.1975405,South,
88.91216136,5,13.65152064,6.640851259,4.275245862,239.5382753,North,-17753.8163
134.0140763,2,8.258311201,6.993585371,8.016919249,259.9336099,North,50456.19331
161.7846555,2,24.41428068,4.476922977,13.79178453,199.3651599,East,-106890.276
120.5028737,4,6.100884433,5.350411713,33.07720692,,South,41489.31551
149.8729749,5,28.05647104,6.168080819,22.25573497,114.1851047,West,-75804.34771
124.6139304,2,26.65238582,4.232069948,17.56170749,164.1918068,South,-49882.24189
167.6228798,4,11.45703887,2.730119932,12.07372565,245.3503812,South,30673.50669
88.13678674,3,9.849434995,3.387457867,6.240648493,203.0339549,North,-16299.02578
119.7535506,,4.987113819,4.517929115,31.32627324,218.3670721,East,40796.2231
140.1948482,3,27.57350666,6.324414278,27.98639261,206.657879,South,-97920.49936
114.2876473,2,19.19842391,7.517954991,33.52450377,309.6001972,West,-68942.97526
154.5665699,5,1.921723882,2.287905583,23.96818127,178.4740084,South,71175.89984
107.0388138,,15.81898302,3.805309972,0,280.2705021,West,943.532719
182.0811345,5,,4.284275006,7.554170673,206.6751611,South,82918.73534
183.6659251,4,17.63876986,6.589434065,24.64871306,284.7099487,South,-2808.779355
128.4621599,4,15.75988983,3.943778929,16.30282975,138.7510955,South,-31057.55063
136.5780354,2,3.40253532,4.14053533,14.41158033,209.2326104,South,50.43725883
155.7501431,3,24.6599572,2.176014846,8.967732351,180.3156608,South,-46140.55888
84.38407803,4,8.607198138,5.966814632,29.47589567,206.9736168,West,15502.78258
80.63999956,5,16.70304656,4.677201851,24.56192637,261.1188131,East,-8463.449046
157.6925674,4,19.53212742,3.69190993,25.01191223,218.9404803,North,-11277.7006
128.2196542,7,28.90683147,4.480973551,13.66397751,683.2812953,North,-15786.62993
113.2048426,5,15.32053909,7.253991004,21.76287759,166.4889453,North,
120.3336991,2,27.6021574,2.990226183,6.622350738,158.8582771,East,-35301.31929
48.41875583,5,11.2908629,3.316680738,18.70172019,200.8052537,North,60112.16118
114.2831306,5,,7.504504895,0,198.0673911,South,-94818.38183
97.40859782,2,7.838960582,5.151549656,4.318838609,190.7070316,West,-44700.44916
147.542149,4,21.51691311,,16.77688156,152.0684137,North,-39200.00268
149.8509234,7,3.569747819,5.80350382,43.75118146,259.9325795,North,
137.300407,4,29.59546034,4.929330895,1.992569266,181.85814,North,-78198.33916
131.8637595,4,28.6641556,4.303401762,7.564194075,271.3039061,South,-59267.07575
,3,13.82419552,6.663116045,,200.6371683,North,-39360.44718
137.7192924,2,16.19412132,7.324673136,37.69422906,232.4214465,East,-55257.18335
412.4821141,3,18.33547101,7.168376694,22.02172497,227.8854821,East,
157.3557796,6,8.976089231,2.629056733,27.02141852,158.786263,North,47978.0957
183.5462944,,20.55967162,7.609822036,16.62396249,218.3601461,East,21028.06081
69.22317979,5,21.25829645,4.284129492,14.89378411,296.4166472,South,-56213.52476
108.3456952,6,16.22721828,3.489940925,20.82184352,212.5806127,North,-5130.846205
97.73200089,5,5.284480082,4.661344606,13.41710609,245.063837,South,52785.55398
125.1752157,5,27.65639237,6.66225687,27.24269339,234.6635922,East,-73009.05035
120.4020557,4,4.336307388,6.080928368,3.937281011,215.3524829,North,64254.68282
,2,19.24599289,4.489227176,28.89987033,,West,-75066.60831
150.8281308,4,3.989569302,6.675331734,20.39313012,227.365778,West,25598.75968
86.95757366,7,5.236920565,5.279721162,17.85279131,238.1641273,North,62341.57762
88.76635598,5,1.595611107,3.854057069,3.570154398,132.3917971,North,68580.25908
89.27324187,6,11.53755843,3.583929434,10.20211328,212.3651445,South,3011.439284
109.1901724,2,19.54789437,5.820469689,31.98651473,190.796106,West,-35767.16221
83.14229352,3,16.12478237,4.834964528,17.91401002,180.4236578,North,-74.3713541
118.5428553,3,20.56163539,2.248989693,22.78398466,264.798219,South,-58327.58447
115.0352942,4,20.57554697,6.694322986,11.20467987,163.3426876,East,-13924.02969
,7,5.065038576,4.039449943,19.70945364,130.261547,North,14193.26014
146.2129876,4,2.662784699,8.184239296,6.278479519,239.7858113,North,74927.61525
118.2149842,5,19.13538607,2.19402003,20.99882254,128.9803072,North,-35697.53449
151.8794209,5,19.94350484,4.638582807,23.70640897,103.6028461,North,1556.513978
114.1485045,4,17.14440832,3.600044631,23.20614727,245.4133845,East,-42053.50192
119.2741534,7,8.127111523,3.049154959,10.9641517,207.9361125,West,55901.66966
103.1165279,3,24.51219129,4.026418566,16.57949016,223.6359814,South,-88749.77324
,2,3.194894449,8.541135218,25.37194146,177.8786213,South,13883.59345
141.3669392,6,19.33704189,5.28674034,17.88562405,130.7796934,North,28434.30678
107.659973,5,4.491934541,3.416583922,17.12694618,140.7106393,West,47702.42747
135.5523589,3,19.97898378,1.342743179,39.03467609,186.390555,West,2857.180793
95.61759117,7,13.11404785,1.557274907,10.49010881,136.3798571,East,20458.97503
142.771517,2,,3.927073712,30.80418468,215.3526454,,-30042.47294
102.6028252,3,2.513573872,3.732624032,8.453193365,176.8771031,North,6896.993535
145.5503962,2,17.09740667,4.551898588,26.54781086,209.2518024,West,-41546.95132
121.8292963,3,5.201459068,0.4556323991,27.08152558,207.7574064,North,23907.23874
165.628612,6,20.78906732,4.81663681,14.89634845,219.3399777,North,24323.49568
85.37796821,6,4.478713308,7.05545955,7.825231471,224.9741264,East,51698.7825
75.7146968,5,3.133916366,8.245682495,0.295667962,182.8049705,North,-901.7248217
101.5134826,7,21.68056115,1.211107704,13.84886491,209.1984633,North,-38924.94551
78.46167156,2,2.842426102,3.397214482,25.26218648,211.8004064,East,-2350.139478
78.51795317,5,7.51139372,3.291532278,9.223718429,78.55548455,North,46408.72596
138.6465228,2,24.91732072,5.291442855,20.96948581,232.3262873,South,-61204.62736
119.8746362,7,24.48096093,2.560455064,5.235702021,207.4971098,East,-28203.45875
105.6095707,5,25.76964698,8.364526497,17.66111808,228.2024433,North,-77940.43127
108.3911221,6,10.4568968,5.087044943,8.529560958,135.6578202,West,42951.93101
102.0828701,5,16.31339283,4.753707421,19.22019498,184.2113412,North,-36515.59615
169.511075,4,23.42707323,8.185427468,,145.4235272,East,-36206.513
97.93482877,6,4.972579935,4.967904752,8.096338638,237.2300688,North,60887.2918
,7,22.0073355,5.800606813,13.41126522,,East,-35451.65275
143.8815185,3,3.827104132,3.498403453,10.65843138,153.5672609,West,53161.13554
113.5273313,7,27.48426765,2.25899587,6.860752998,226.7157064,West,-36757.96273
181.1632107,6,19.48199529,3.779276737,30.82745825,168.5312734,South,13500.39405
104.2138308,2,15.30585407,9.373951678,16.39825136,,North,-73667.55995
145.3795254,7,15.05714839,6.266041897,0,245.3359715,West,38576.74345
152.4659199,3,6.259499388,5.549069674,13.76719192,247.3855878,East,51617.49907
104.359925,5,,3.04725322,29.14711714,236.1035596,North,21117.26417
97.71237696,2,22.08658629,6.822501602,12.38641367,242.4354837,North,-64732.31633
142.2409959,3,16.687365,2.284613451,34.97743878,188.4210361,South,-24150.78518
137.2467575,5,16.34987992,1.865887101,11.43337945,189.7703513,East,21612.3696
77.68169698,6,6.662130942,3.882225754,25.03408056,167.5959361,South,38862.7212
86.14693091,6,21.02050705,,30.36638585,208.3864584,West,-65691.74951
43.90709985,4,12.36898313,8.795788465,24.50193972,173.6050836,East,-14413.21731
137.8616056,6,6.299846815,,6.255060254,178.3466897,West,28086.9517
112.1451842,2,28.3697578,3.651601964,10.57531423,229.9950217,West,-91507.91556
115.1354874,7,15.69716366,1.719275919,31.7007099,259.2269623,South,9110.131021
69.25667707,3,16.31306278,5.156061451,11.95388544,219.9130127,West,-52013.89973
87.05692941,5,29.4597854,5.324025504,29.75676514,289.7157933,South,-83762.04561
105.6612326,7,11.62577798,6.579112508,15.69715278,164.7242214,North,13415.50895
99.830232,3,28.34759985,6.821415027,21.41437319,108.101268,South,-89254.31154
123.5350823,4,21.15283547,4.605156165,6.13892723,235.7313945,South,-37534.35502
137.5040438,6,19.35977335,6.11205575,13.91732425,161.4083224,West,-22578.29234
188.0883771,7,7.798130756,3.598722264,11.2469362,186.3153879,West,105125.2498
119.3994891,3,2.500914499,6.074085067,22.25599651,111.5101745,North,41034.57735
153.4620799,5,13.69573131,3.985535844,20.9319758,155.0394876,North,28328.59821
95.10081669,3,1.294957898,5.918917032,24.62649896,124.8886292,East,63873.87351
69.75161055,5,3.059072812,5.757002651,15.09477497,178.2848368,East,69457.2992
109.4309506,4,18.26447592,5.137607251,10.69769929,180.2724253,East,-18951.59483
72.06834846,2,22.00968316,6.589079436,21.82729086,204.4980206,South,-91615.69628
120.440195,7,5.870501626,,9.70411097,261.9861482,West,43050.22101
96.58637626,5,22.24251197,2.870167564,30.78422526,233.8453132,South,-39532.3225
61.3718584,4,28.54204897,4.459880653,18.85477613,118.8915182,South,-74859.93452
172.0807544,2,22.55210634,2.113473225,16.7386489,230.4007718,South,-41163.88369
103.8731486,2,23.75674137,4.186270971,24.62175623,205.5877349,West,-149399.161
70.87142091,4,21.32066483,4.25073941,19.23635501,195.1086784,,-39899.18723
146.9451537,5,7.517385773,7.619367573,3.419482832,198.8650235,East,59601.69868
98.14156912,3,11.46580832,5.285067405,9.385701006,210.2276214,West,-15937.83452
152.704981,6,28.52874192,7.058859152,30.57708704,165.4056604,North,-36967.30618
97.99816996,4,20.17510679,5.603349438,20.83884348,190.8824571,East,-33909.47733
103.7730693,2,23.88171728,3.928665458,3.184321976,259.1969562,East,-89962.60288
130.3449513,5,29.09214395,5.267433615,23.52112067,164.8047108,West,-45840.69397
137.7965814,3,7.711670695,6.458852668,14.4074118,148.5056012,North,-8071.094004
412.4821141,2,10.32891335,7.386802653,11.25500047,196.9146326,East,-6503.882683
117.3077658,2,19.69924793,4.735379874,8.551272744,143.4716772,West,-57338.02711
135.8585016,3,1.70636674,1.704978712,29.99929471,113.8608439,South,36534.85907
142.3688582,5,17.56535324,1.564395485,0.3450162799,182.7766411,East,8127.527658
126.0170742,7,24.45196301,4.34717478,11.62467926,272.4310942,South,1278.261987
115.7202566,3,18.70285784,0.3241969977,21.20126766,198.0697952,East,-8335.882723
76.64115155,2,9.566405233,8.590208931,35.78363069,683.2812953,South,-14285.6827
137.9752247,3,21.99901842,6.193866463,25.53858196,93.49258209,North,-89829.43896
121.265211,3,5.234917116,3.728665981,11.53975384,221.9062746,West,4164.461514
107.5915244,3,26.94843061,2.780704812,35.29353454,204.6682931,North,-81352.09327
158.3329909,3,3.9265359,7.056238192,,166.7542586,North,42113.79588
77.16499101,7,26.04124288,2.772725689,22.65336165,209.0025236,West,-56676.4323
169.3210895,4,15.4364734,2.963546473,24.87784646,208.5060809,West,41234.77369